"_id","_class","createTime","memberIcon","memberId","memberNickname","productId","productName","productPic","productPrice","productSubTitle"
"6874a798da8179585a7467b8","com.macro.mall.portal.domain.MemberReadHistory","14/7/2025 06:45:44.284","https://macro-oss.oss-cn-shenzhen.aliyuncs.com/mall/icon/github_icon_02.png","11","member","28","小米 红米5A 全网通版 3GB+32GB 香槟金 移动联通电信4G手机 双卡双待","http://macro-oss.oss-cn-shenzhen.aliyuncs.com/mall/images/20180615/5a9d248cN071f4959.jpg","649.00","8天超长待机，137g轻巧机身，高通骁龙处理器小米6X低至1299，点击抢购"
"6874b9341553bd0bad2f1319","com.macro.mall.portal.domain.MemberReadHistory","14/7/2025 08:00:52.132","https://macro-oss.oss-cn-shenzhen.aliyuncs.com/mall/icon/github_icon_03.png","1","test","41","Redmi K50 天玑8100 2K柔性直屏 OIS光学防抖 67W快充 5500mAh大电量","http://macro-oss.oss-cn-shenzhen.aliyuncs.com/mall/images/20221104/redmi_k50_01.jpg","2099.00","【品质好物】天玑8100，2K直屏，5500mAh大电量【Note12Pro火热抢购中】 "
"6874bc34a2f6704739f60924","com.macro.mall.portal.domain.MemberReadHistory","14/7/2025 08:13:40.553","https://macro-oss.oss-cn-shenzhen.aliyuncs.com/mall/icon/github_icon_03.png","1","test","41","Redmi K50 天玑8100 2K柔性直屏 OIS光学防抖 67W快充 5500mAh大电量","http://macro-oss.oss-cn-shenzhen.aliyuncs.com/mall/images/20221104/redmi_k50_01.jpg","2099.00","【品质好物】天玑8100，2K直屏，5500mAh大电量【Note12Pro火热抢购中】 "
"6874bd53a2f6704739f60926","com.macro.mall.portal.domain.MemberReadHistory","14/7/2025 08:18:27.36","https://macro-oss.oss-cn-shenzhen.aliyuncs.com/mall/icon/github_icon_03.png","1","test","41","Redmi K50 天玑8100 2K柔性直屏 OIS光学防抖 67W快充 5500mAh大电量","http://macro-oss.oss-cn-shenzhen.aliyuncs.com/mall/images/20221104/redmi_k50_01.jpg","2099.00","【品质好物】天玑8100，2K直屏，5500mAh大电量【Note12Pro火热抢购中】 "
"6874bdbca2f6704739f60927","com.macro.mall.portal.domain.MemberReadHistory","14/7/2025 08:20:12.56","https://macro-oss.oss-cn-shenzhen.aliyuncs.com/mall/icon/github_icon_03.png","1","test","41","Redmi K50 天玑8100 2K柔性直屏 OIS光学防抖 67W快充 5500mAh大电量","http://macro-oss.oss-cn-shenzhen.aliyuncs.com/mall/images/20221104/redmi_k50_01.jpg","2099.00","【品质好物】天玑8100，2K直屏，5500mAh大电量【Note12Pro火热抢购中】 "
"6874bdcea2f6704739f60928","com.macro.mall.portal.domain.MemberReadHistory","14/7/2025 08:20:29.972","https://macro-oss.oss-cn-shenzhen.aliyuncs.com/mall/icon/github_icon_03.png","1","test","41","Redmi K50 天玑8100 2K柔性直屏 OIS光学防抖 67W快充 5500mAh大电量","http://macro-oss.oss-cn-shenzhen.aliyuncs.com/mall/images/20221104/redmi_k50_01.jpg","2099.00","【品质好物】天玑8100，2K直屏，5500mAh大电量【Note12Pro火热抢购中】 "
"68785115c26f0b6d4bc74209","com.macro.mall.portal.domain.MemberReadHistory","17/7/2025 01:25:40.917","https://macro-oss.oss-cn-shenzhen.aliyuncs.com/mall/icon/github_icon_03.png","1","test","26","华为 HUAWEI P20 ","http://macro-oss.oss-cn-shenzhen.aliyuncs.com/mall/images/20180607/5ac1bf58Ndefaac16.jpg","3788.00","AI智慧全面屏 6GB +64GB 亮黑色 全网通版 移动联通电信4G手机 双卡双待手机 双卡双待"
"68785119c26f0b6d4bc7420a","com.macro.mall.portal.domain.MemberReadHistory","17/7/2025 01:25:45.367","https://macro-oss.oss-cn-shenzhen.aliyuncs.com/mall/icon/github_icon_03.png","1","test","32","HLA海澜之家短袖T恤男基础款","http://macro-oss.oss-cn-shenzhen.aliyuncs.com/mall/images/20180615/5a51eb88Na4797877.jpg","68.00","HLA海澜之家短袖T恤男基础款简约圆领HNTBJ2E153A藏青(F3)175/92A(50)"
"68785120c26f0b6d4bc7420b","com.macro.mall.portal.domain.MemberReadHistory","17/7/2025 01:25:52.15","https://macro-oss.oss-cn-shenzhen.aliyuncs.com/mall/icon/github_icon_03.png","1","test","27","小米8 全面屏游戏智能手机 6GB+64GB 黑色 全网通4G 双卡双待","http://macro-oss.oss-cn-shenzhen.aliyuncs.com/mall/images/20180615/xiaomi.jpg","2699.00","骁龙845处理器，红外人脸解锁，AI变焦双摄，AI语音助手小米6X低至1299，点击抢购"
"6878512dc26f0b6d4bc7420d","com.macro.mall.portal.domain.MemberReadHistory","17/7/2025 01:26:05.569","https://macro-oss.oss-cn-shenzhen.aliyuncs.com/mall/icon/github_icon_03.png","1","test","35","耐克NIKE 男子 休闲鞋 ROSHE RUN 运动鞋 511881-010黑色41码","http://macro-oss.oss-cn-shenzhen.aliyuncs.com/mall/images/20180615/5b235bb9Nf606460b.jpg","369.00","耐克NIKE 男子 休闲鞋 ROSHE RUN 运动鞋 511881-010黑色41码"
"68785135c26f0b6d4bc7420f","com.macro.mall.portal.domain.MemberReadHistory","17/7/2025 01:26:13.781","https://macro-oss.oss-cn-shenzhen.aliyuncs.com/mall/icon/github_icon_03.png","1","test","44","三星（SAMSUNG）500GB SSD固态硬盘 M.2接口(NVMe协议)","http://macro-oss.oss-cn-shenzhen.aliyuncs.com/mall/images/20221108/sanxing_ssd_02.jpg","369.00","【满血无缓存！进店抽百元E卡，部分型号白条三期免息】兼具速度与可靠性！读速高达3500MB/s，全功率模式！点击 "
"6878513fc26f0b6d4bc74211","com.macro.mall.portal.domain.MemberReadHistory","17/7/2025 01:26:23.641","https://macro-oss.oss-cn-shenzhen.aliyuncs.com/mall/icon/github_icon_03.png","1","test","45","OPPO Reno8 8GB+128GB 鸢尾紫 新配色上市 80W超级闪充 5000万水光人像三摄","http://macro-oss.oss-cn-shenzhen.aliyuncs.com/mall/images/20221108/oppo_r8_01.jpg","2299.00","【11.11提前购机享价保，好货不用等，系统申请一键价保补差!】【Reno8Pro爆款优惠】 "
"687af97746db47311de389a3","com.macro.mall.portal.domain.MemberReadHistory","19/7/2025 01:48:39.551","https://macro-oss.oss-cn-shenzhen.aliyuncs.com/mall/icon/github_icon_03.png","1","test","39","小米 Xiaomi Book Pro 14 2022 锐龙版 2.8K超清大师屏 高端轻薄笔记本电脑","http://macro-oss.oss-cn-shenzhen.aliyuncs.com/mall/images/20221028/xiaomi_computer_001.jpg","5599.00","【双十一大促来袭】指定型号至高优惠1000，以旧换新至高补贴1000元，晒单赢好礼"
"687cf01105ce463049ba4a0a","com.macro.mall.portal.domain.MemberReadHistory","20/7/2025 13:33:05.191","https://macro-oss.oss-cn-shenzhen.aliyuncs.com/mall/icon/github_icon_03.png","1","test","313","华硕 飞行堡垒 28","http://macro-oss.oss-cn-shenzhen.aliyuncs.com/mall/images/20230608/notebook_5.jpg","3403.00","高品质华硕 飞行堡垒 28"
"687cf15a05ce463049ba4a0d","com.macro.mall.portal.domain.MemberReadHistory","20/7/2025 13:38:33.978","https://macro-oss.oss-cn-shenzhen.aliyuncs.com/mall/icon/github_icon_03.png","1","test","313","华硕 飞行堡垒 28","http://macro-oss.oss-cn-shenzhen.aliyuncs.com/mall/images/20230608/notebook_5.jpg","3403.00","高品质华硕 飞行堡垒 28"
"687cf16705ce463049ba4a0e","com.macro.mall.portal.domain.MemberReadHistory","20/7/2025 13:38:47.442","https://macro-oss.oss-cn-shenzhen.aliyuncs.com/mall/icon/github_icon_03.png","1","test","313","华硕 飞行堡垒 28","http://macro-oss.oss-cn-shenzhen.aliyuncs.com/mall/images/20230608/notebook_5.jpg","3403.00","高品质华硕 飞行堡垒 28"
"687cf17605ce463049ba4a0f","com.macro.mall.portal.domain.MemberReadHistory","20/7/2025 13:39:02.24","https://macro-oss.oss-cn-shenzhen.aliyuncs.com/mall/icon/github_icon_03.png","1","test","313","华硕 飞行堡垒 28","http://macro-oss.oss-cn-shenzhen.aliyuncs.com/mall/images/20230608/notebook_5.jpg","3403.00","高品质华硕 飞行堡垒 28"
"687cf1d305ce463049ba4a10","com.macro.mall.portal.domain.MemberReadHistory","20/7/2025 13:40:35.735","https://macro-oss.oss-cn-shenzhen.aliyuncs.com/mall/icon/github_icon_03.png","1","test","38","Apple iPad 10.9英寸平板电脑 2022年款","http://macro-oss.oss-cn-shenzhen.aliyuncs.com/mall/images/20221028/ipad_001.jpg","3599.00","【11.11大爱超大爱】iPad9代限量抢购，价格优惠，更享以旧换新至高补贴325元！！快来抢购吧！！ "
"687cf2a105ce463049ba4a11","com.macro.mall.portal.domain.MemberReadHistory","20/7/2025 13:44:01.837","https://macro-oss.oss-cn-shenzhen.aliyuncs.com/mall/icon/github_icon_03.png","1","test","38","Apple iPad 10.9英寸平板电脑 2022年款","http://macro-oss.oss-cn-shenzhen.aliyuncs.com/mall/images/20221028/ipad_001.jpg","3599.00","【11.11大爱超大爱】iPad9代限量抢购，价格优惠，更享以旧换新至高补贴325元！！快来抢购吧！！ "
"687cfdb07d15150f6cb9d4d7","com.macro.mall.portal.domain.MemberReadHistory","20/7/2025 14:31:12.132","https://macro-oss.oss-cn-shenzhen.aliyuncs.com/mall/icon/github_icon_03.png","1","test","38","Apple iPad 10.9英寸平板电脑 2022年款","http://macro-oss.oss-cn-shenzhen.aliyuncs.com/mall/images/20221028/ipad_001.jpg","3599.00","【11.11大爱超大爱】iPad9代限量抢购，价格优惠，更享以旧换新至高补贴325元！！快来抢购吧！！ "
"687cfdff7d15150f6cb9d4d8","com.macro.mall.portal.domain.MemberReadHistory","20/7/2025 14:32:31.156","https://macro-oss.oss-cn-shenzhen.aliyuncs.com/mall/icon/github_icon_03.png","1","test","38","Apple iPad 10.9英寸平板电脑 2022年款","http://macro-oss.oss-cn-shenzhen.aliyuncs.com/mall/images/20221028/ipad_001.jpg","3599.00","【11.11大爱超大爱】iPad9代限量抢购，价格优惠，更享以旧换新至高补贴325元！！快来抢购吧！！ "
"687cfe0a7d15150f6cb9d4d9","com.macro.mall.portal.domain.MemberReadHistory","20/7/2025 14:32:42.293","https://macro-oss.oss-cn-shenzhen.aliyuncs.com/mall/icon/github_icon_03.png","1","test","40","小米12 Pro 天玑版 天玑9000+处理器 5000万疾速影像 2K超视感屏 120Hz高刷 67W快充","http://macro-oss.oss-cn-shenzhen.aliyuncs.com/mall/images/20221104/xiaomi_12_pro_01.jpg","2999.00","天玑9000+处理器、5160mAh大电量、2KAmoled超视感屏【点击购买小米11Ultra，戳】 "
"687cff9afe6cf52d7e6aebbe","com.macro.mall.portal.domain.MemberReadHistory","20/7/2025 14:39:22.245","https://macro-oss.oss-cn-shenzhen.aliyuncs.com/mall/icon/github_icon_03.png","1","test","40","小米12 Pro 天玑版 天玑9000+处理器 5000万疾速影像 2K超视感屏 120Hz高刷 67W快充","http://macro-oss.oss-cn-shenzhen.aliyuncs.com/mall/images/20221104/xiaomi_12_pro_01.jpg","2999.00","天玑9000+处理器、5160mAh大电量、2KAmoled超视感屏【点击购买小米11Ultra，戳】 "
"687cffb3fe6cf52d7e6aebbf","com.macro.mall.portal.domain.MemberReadHistory","20/7/2025 14:39:47.414","https://macro-oss.oss-cn-shenzhen.aliyuncs.com/mall/icon/github_icon_03.png","1","test","1135","华为 Nova 51 Pro","http://macro-oss.oss-cn-shenzhen.aliyuncs.com/mall/images/20230608/phone_5.jpg","5371.00","高品质华为 Nova 51 Pro"
"687cffc2fe6cf52d7e6aebc0","com.macro.mall.portal.domain.MemberReadHistory","20/7/2025 14:40:02.397","https://macro-oss.oss-cn-shenzhen.aliyuncs.com/mall/icon/github_icon_03.png","1","test","40","小米12 Pro 天玑版 天玑9000+处理器 5000万疾速影像 2K超视感屏 120Hz高刷 67W快充","http://macro-oss.oss-cn-shenzhen.aliyuncs.com/mall/images/20221104/xiaomi_12_pro_01.jpg","2999.00","天玑9000+处理器、5160mAh大电量、2KAmoled超视感屏【点击购买小米11Ultra，戳】 "
"687d0005fe6cf52d7e6aebc1","com.macro.mall.portal.domain.MemberReadHistory","20/7/2025 14:41:09.913","https://macro-oss.oss-cn-shenzhen.aliyuncs.com/mall/icon/github_icon_03.png","1","test","39","小米 Xiaomi Book Pro 14 2022 锐龙版 2.8K超清大师屏 高端轻薄笔记本电脑","http://macro-oss.oss-cn-shenzhen.aliyuncs.com/mall/images/20221028/xiaomi_computer_001.jpg","5599.00","【双十一大促来袭】指定型号至高优惠1000，以旧换新至高补贴1000元，晒单赢好礼"
"687d0cbbfe6cf52d7e6aebc2","com.macro.mall.portal.domain.MemberReadHistory","20/7/2025 15:35:23.125","https://macro-oss.oss-cn-shenzhen.aliyuncs.com/mall/icon/github_icon_03.png","1","test","39","小米 Xiaomi Book Pro 14 2022 锐龙版 2.8K超清大师屏 高端轻薄笔记本电脑","http://macro-oss.oss-cn-shenzhen.aliyuncs.com/mall/images/20221028/xiaomi_computer_001.jpg","5599.00","【双十一大促来袭】指定型号至高优惠1000，以旧换新至高补贴1000元，晒单赢好礼"
"687d0cd8fe6cf52d7e6aebc3","com.macro.mall.portal.domain.MemberReadHistory","20/7/2025 15:35:52.372","https://macro-oss.oss-cn-shenzhen.aliyuncs.com/mall/icon/github_icon_03.png","1","test","38","Apple iPad 10.9英寸平板电脑 2022年款","http://macro-oss.oss-cn-shenzhen.aliyuncs.com/mall/images/20221028/ipad_001.jpg","3599.00","【11.11大爱超大爱】iPad9代限量抢购，价格优惠，更享以旧换新至高补贴325元！！快来抢购吧！！ "
"687d179fff5fae08945fc063","com.macro.mall.portal.domain.MemberReadHistory","20/7/2025 16:21:50.847","https://macro-oss.oss-cn-shenzhen.aliyuncs.com/mall/icon/github_icon_03.png","1","test","38","Apple iPad 10.9英寸平板电脑 2022年款","http://macro-oss.oss-cn-shenzhen.aliyuncs.com/mall/images/20221028/ipad_001.jpg","3599.00","【11.11大爱超大爱】iPad9代限量抢购，价格优惠，更享以旧换新至高补贴325元！！快来抢购吧！！ "
"687e25ae18cead6d93e26d54","com.macro.mall.portal.domain.MemberReadHistory","21/7/2025 11:34:06.219","https://macro-oss.oss-cn-shenzhen.aliyuncs.com/mall/icon/github_icon_03.png","1","test","40","小米12 Pro 天玑版 天玑9000+处理器 5000万疾速影像 2K超视感屏 120Hz高刷 67W快充","http://macro-oss.oss-cn-shenzhen.aliyuncs.com/mall/images/20221104/xiaomi_12_pro_01.jpg","2999.00","天玑9000+处理器、5160mAh大电量、2KAmoled超视感屏【点击购买小米11Ultra，戳】 "
"687e25cf18cead6d93e26d56","com.macro.mall.portal.domain.MemberReadHistory","21/7/2025 11:34:38.999","https://macro-oss.oss-cn-shenzhen.aliyuncs.com/mall/icon/github_icon_03.png","1","test","40","小米12 Pro 天玑版 天玑9000+处理器 5000万疾速影像 2K超视感屏 120Hz高刷 67W快充","http://macro-oss.oss-cn-shenzhen.aliyuncs.com/mall/images/20221104/xiaomi_12_pro_01.jpg","2999.00","天玑9000+处理器、5160mAh大电量、2KAmoled超视感屏【点击购买小米11Ultra，戳】 "
